Year,Country,Apples,Bananas,Citrus,Kiwi,Oranges,Pears,Mandarins
Y1961,Argentina,415000,11649,843600,0,521000,76000,196000
Y1962,Argentina,397000,47250,813000,0,518000,114000,166000
Y1963,Argentina,474000,36380,820800,0,496500,98000,195000
Y1964,Argentina,371000,65500,854200,0,528000,105000,187200
Y1965,Argentina,544000,37000,663000,0,420000,87000,101000
Y1966,Argentina,414000,103760,962000,0,614000,82000,175000
Y1967,Argentina,516000,129616,911400,0,640400,119000,114400
Y1968,Argentina,469600,53360,1079000,0,682000,111800,134000
Y1969,Argentina,436400,140900,1344500,0,820500,102600,217700
Y1970,Argentina,445000,223440,1425257,0,864600,93950,227100
Y1971,Argentina,423900,224800,1597400,0,990000,74300,265100
Y1972,Argentina,512300,312700,1302000,0,750000,97900,226000
Y1973,Argentina,233300,352160,1443670,0,782800,43200,248700
Y1974,Argentina,786000,399400,1546000,0,833000,110000,230000
Y1975,Argentina,608000,373900,1482500,0,729000,97200,229500
Y1976,Argentina,576500,277500,1399000,0,743000,122800,229000
Y1977,Argentina,820000,220000,1480000,0,740000,160000,250000
Y1978,Argentina,810000,128700,1350000,0,670000,150000,255000
Y1979,Argentina,972000,144000,1365000,0,706000,160000,224000
Y1980,Argentina,958000,146200,1642000,0,704000,155000,378000
Y1981,Argentina,908000,77000,1614000,0,668000,130000,387000
Y1982,Argentina,804000,88700,1540200,0,606000,137500,402600
Y1983,Argentina,817000,126100,1534000,0,639000,176000,391000
Y1984,Argentina,872000,161000,1508000,0,620400,167000,375000
Y1985,Argentina,922400,163400,1711700,0,620800,192500,457200
Y1986,Argentina,593900,190000,1719100,0,623200,164900,437000
Y1987,Argentina,1074600,243000,1823300,0,642400,250800,478200
Y1988,Argentina,940000,323600,1804500,0,650200,211200,461700
Y1989,Argentina,847800,209937,1595100,0,680800,223700,458400
Y1990,Argentina,975600,200558,1795960,0,648300,236100,446980
Y1991,Argentina,1067500,194200,2184000,0,773900,297830,550200
Y1992,Argentina,1053500,182680,2178800,0,739000,302810,587200
Y1993,Argentina,951170,181220,2035510,0,708900,319470,517870
Y1994,Argentina,1006300,142190,2306798,0,746576,365000,650276
Y1995,Argentina,1146000,171084,2295468,0,760097,481000,583849
Y1996,Argentina,1219000,117350,1891225,0,504429,484118,419358
Y1997,Argentina,1117690,160800,2761282,0,918461,532538,641292
Y1998,Argentina,1033520,172850,2831193,0,983833,537458,610312
Y1999,Argentina,1116000,175000,2505288,0,706159,536549,551202
Y2000,Argentina,833322,175000,2832462,0,787096,513554,655963
Y2001,Argentina,1428802,174856,3035853,0,918294,585249,700404
Y2002,Argentina,1156830,180000,2953562,0,766854,537297,668687
Y2003,Argentina,1307460,175792,2672493,0,687346,639029,564705
Y2004,Argentina,1262440,175550,2717360,0,770000,589429,430000
Y2005,Argentina,1206210,177355,3046985,0,885871,748727,390000
Y2006,Argentina,1100000,181000,3140000,0,990000,750000,440000
Y2007,Argentina,1000000,182000,2770000,0,800000,720000,350000
Y2008,Argentina,950000,180000,2959056,0,942541,740000,410630
Y2009,Argentina,894000,170000,2963283,0,898732,750000,401543
Y2010,Argentina,720000,171233,2559418,0,833486,670000,423737
Y2011,Argentina,1150000,174937,3613447,0,1130074,812633,554640
Y2012,Argentina,1050000,175219,2895761,0,933526,825115,373970
Y2013,Argentina,970000,175337,2824147,0,859752,890000,364883
Y2014,Argentina,930000,175456,2593582,0,1022276,840000,486630
Y2015,Argentina,950000,175574,3184681,0,1001309,869000,491384
Y2016,Argentina,967847,175692,3281320,0,1032446,905605,468278
Y1961,Bolivia,16000,105000,70000,0,42000,5000,14000
Y1962,Bolivia,16000,122600,73000,0,43000,5000,15000
Y1963,Bolivia,16000,140000,75000,0,45000,5000,15000
Y1964,Bolivia,16000,157600,76000,0,46000,5000,15000
Y1965,Bolivia,17000,165500,80000,0,48000,5000,16000
Y1966,Bolivia,17200,173800,82100,0,49300,4900,16400
Y1967,Bolivia,17200,182500,84800,0,50900,4900,17000
Y1968,Bolivia,17200,192000,87500,0,52500,4900,17500
Y1969,Bolivia,17400,201600,72880,0,47000,5000,10100
Y1970,Bolivia,17500,211700,82900,0,54000,5000,11300
Y1971,Bolivia,17500,228200,91320,0,58000,5000,14320
Y1972,Bolivia,17500,230000,96210,0,60000,5000,15910
Y1973,Bolivia,17500,239700,100430,0,60400,5000,17500
Y1974,Bolivia,17520,253340,107240,0,64330,5000,19250
Y1975,Bolivia,18500,251640,111300,0,67050,5200,20000
Y1976,Bolivia,10525,202380,119500,0,76500,5175,18700
Y1977,Bolivia,10440,183700,124700,0,79200,5175,21100
Y1978,Bolivia,10755,151780,137810,0,80870,3090,22200
Y1979,Bolivia,11400,154520,149700,0,84995,3155,22780
Y1980,Bolivia,10595,157860,176635,0,85710,3160,22730
Y1981,Bolivia,10320,163700,177175,0,84305,3175,26850
Y1982,Bolivia,11164,152050,189752,0,96205,3445,27450
Y1983,Bolivia,8655,153620,181021,0,95905,2430,25050
Y1984,Bolivia,2243,160000,151167,0,43323,2500,40246
Y1985,Bolivia,1993,210000,149452,0,38275,2644,36866
Y1986,Bolivia,6218,290000,154082,0,39296,3500,38709
Y1987,Bolivia,7200,350000,187125,0,69000,3600,40644
Y1988,Bolivia,7610,308663,195500,0,74000,3700,41200
Y1989,Bolivia,7760,316609,199280,0,76130,3690,42020
Y1990,Bolivia,7970,138000,203907,0,78457,3660,42330
Y1991,Bolivia,8290,138906,210865,0,82295,3730,43080
Y1992,Bolivia,8125,142971,205140,0,83590,3815,40280
Y1993,Bolivia,8455,145196,216101,0,88316,3896,42960
Y1994,Bolivia,8650,100700,225400,0,93770,4020,45730
Y1995,Bolivia,8860,150928,227857,0,92435,4170,47802
Y1996,Bolivia,9050,147689,232448,0,93638,4220,49750
Y1997,Bolivia,9220,146204,242840,0,99690,4295,52600
Y1998,Bolivia,9220,150613,245978,0,100555,4295,54623
Y1999,Bolivia,9750,158052,257630,0,105910,4500,59620
Y2000,Bolivia,9800,161926,264750,0,110000,4550,62000
Y2001,Bolivia,9805,163388,265660,0,110110,4553,62200
Y2002,Bolivia,9810,170110,255355,0,104591,4565,57574
Y2003,Bolivia,9800,172950,211337,0,84576,1700,33611
Y2004,Bolivia,6000,176965,154446,0,86118,1718,34535
Y2005,Bolivia,4000,180896,157652,0,87672,1738,35379
Y2006,Bolivia,2000,181732,161801,0,89748,1757,36511
Y2007,Bolivia,1961,182490,165568,0,91634,1775,37833
Y2008,Bolivia,2025,183305,168593,0,93351,1791,38580
Y2009,Bolivia,1943,154227,319428,0,165397,1878,127337
Y2010,Bolivia,1989,159681,319714,0,167134,1894,122207
Y2011,Bolivia,2014,164657,323952,0,167166,1918,124898
Y2012,Bolivia,2025,169615,330253,0,168109,1965,128089
Y2013,Bolivia,2057,164256,322466,0,165363,1987,123299
Y2014,Bolivia,2419,283310,414196,0,179722,1712,199001
Y2015,Bolivia,2522,292221,431214,0,181902,1751,213116
Y2016,Bolivia,2578,299580,446257,0,185093,1789,225712
Y1961,Brazil,19962,2823040,2076756,0,1761768,45092,234102
Y1962,Brazil,22600,3126860,2181838,0,1850900,47287,248183
Y1963,Brazil,23241,3256300,2462819,0,2106470,50868,260512
Y1964,Brazil,21158,3517340,2399011,0,2054960,49070,252308
Y1965,Brazil,40386,3624630,2686055,0,2285524,51698,298616
Y1966,Brazil,23559,3701020,2741903,0,2353313,52747,285960
Y1967,Brazil,24785,4188910,2907117,0,2504656,55843,293520
Y1968,Brazil,26070,4387310,3157971,0,2717346,57725,323577
Y1969,Brazil,28864,4815870,3362421,0,2896811,59217,343997
Y1970,Brazil,30850,5126160,3601358,0,3099440,60676,366728
Y1971,Brazil,29961,5250590,3751416,0,3256829,54075,359129
Y1972,Brazil,30698,5851890,4346397,0,3789163,53927,405892
Y1973,Brazil,22265,3677240,5450696,0,4930400,32889,377280
Y1974,Brazil,27340,3668710,6423185,0,5858941,41605,403976
Y1975,Brazil,34192,3782310,6933882,0,6313171,40984,445446
Y1976,Brazil,42348,4530240,7793618,0,7168270,46598,445113
Y1977,Brazil,46125,4447660,7808343,0,7164691,43505,444163
Y1978,Brazil,51758,4326660,8480206,0,7826336,36919,446358
Y1979,Brazil,69099,4252290,9185787,0,8445223,36059,510752
Y1980,Brazil,83038,4659680,11615087,0,10891814,33362,490143
Y1981,Brazil,109503,4652300,12181236,0,11393332,30302,548899
Y1982,Brazil,190993,4726800,12458370,0,11598204,30804,588695
Y1983,Brazil,153540,4552540,12655945,0,11713731,29147,627570
Y1984,Brazil,255773,4896480,13949736,0,12944524,26697,663256
Y1985,Brazil,288649,5007630,15226191,0,14214307,25452,677682
Y1986,Brazil,355803,5243850,14281208,0,13233370,23507,663082
Y1987,Brazil,333275,5347720,15727479,0,14611100,20207,672176
Y1988,Brazil,432937,5357250,16105132,0,14975260,18868,639608
Y1989,Brazil,477280,5721700,18876871,0,17773580,17545,625452
Y1990,Brazil,543515,5725830,18542741,0,17520520,16839,661131
Y1991,Brazil,526904,5762141,20084058,0,18936344,16475,660657
Y1992,Brazil,599841,5848523,20906500,0,19682292,16487,667872
Y1993,Brazil,698765,5802992,20098213,0,18797188,16812,733624
Y1994,Brazil,699935,5955238,18758555,0,17445968,18908,759900
Y1995,Brazil,686373,5801110,21102585,0,19837212,18892,749153
Y1996,Brazil,700777,5160178,22298154,0,21079044,15703,687738
Y1997,Brazil,793585,5412360,24400931,0,23046800,15804,782420
Y1998,Brazil,791437,5322200,22215193,0,20850504,16755,781097
Y1999,Brazil,937715,5478350,24340415,0,22893312,16474,831111
Y2000,Brazil,1153269,5663360,22876452,0,21330258,16970,902612
Y2001,Brazil,716030,6177293,19139483,0,16983436,21522,1125052
Y2002,Brazil,857388,6689179,20844877,0,18530582,19696,1262744
Y2003,Brazil,841821,6800981,19271221,0,16917558,19790,1304743
Y2004,Brazil,980203,6583564,20530052,0,18313716,19894,1163213
Y2005,Brazil,850535,6703400,20184574,0,17853444,19746,1232599
Y2006,Brazil,863019,6956179,20404712,0,18032312,18161,1270108
Y2007,Brazil,1115379,7098350,20981266,0,18684984,17074,1205579
Y2008,Brazil,1124155,6998150,20656049,0,18538084,17391,1079697
Y2009,Brazil,1222885,6783490,19686706,0,17618450,14856,1094429
Y2010,Brazil,1279124,6969306,20721047,0,18503139,16397,1122009
Y2011,Brazil,1338995,7329471,22018791,0,19811064,20532,1004727
Y2012,Brazil,1339771,6902184,20258507,0,18012560,21990,959672
Y2013,Brazil,1231472,6892622,19734725,0,17549536,22078,937819
Y2014,Brazil,1378617,6953747,19073988,0,16928457,19096,965167
Y2015,Brazil,1264651,6849227,19200081,0,16939560,21160,1000546
Y2016,Brazil,1049251,6764324,19591623,0,17251291,14905,997993
Y1961,Chile,99000,0,67000,0,45000,19000,0
Y1962,Chile,101000,0,71000,0,48000,19000,0
Y1963,Chile,104000,0,62000,0,39000,20000,0
Y1964,Chile,106000,0,67000,0,43000,20000,0
Y1965,Chile,121000,0,71000,0,44000,24000,0
Y1966,Chile,125000,0,66000,0,41000,25000,0
Y1967,Chile,129000,0,71000,0,40000,26000,0
Y1968,Chile,133000,0,79000,0,44000,28000,0
Y1969,Chile,137000,0,78000,0,40000,29000,0
Y1970,Chile,140000,0,83000,0,43000,30000,0
Y1971,Chile,149000,0,85000,0,43000,33000,0
Y1972,Chile,95000,0,95000,0,43000,33000,0
Y1973,Chile,118500,0,104900,0,45500,31000,0
Y1974,Chile,120300,0,112100,0,46600,32545,0
Y1975,Chile,125300,0,116800,0,46900,33800,0
Y1976,Chile,130000,0,116500,0,48000,35500,0
Y1977,Chile,150000,0,119700,0,51000,37500,0
Y1978,Chile,175000,0,119300,0,53800,38150,0
Y1979,Chile,210000,0,124885,0,56585,38252,0
Y1980,Chile,245000,0,125900,0,59200,43095,0
Y1981,Chile,298400,0,129515,0,58815,45500,0
Y1982,Chile,345000,0,136950,10,65350,50550,0
Y1983,Chile,365000,0,136376,35,66776,57000,0
Y1984,Chile,410000,0,130000,200,72000,66000,0
Y1985,Chile,425000,0,139800,450,75000,71000,0
Y1986,Chile,515000,0,149200,1280,78200,78000,0
Y1987,Chile,580000,0,154050,2950,85500,84000,0
Y1988,Chile,630000,0,156000,8485,96000,99000,0
Y1989,Chile,660000,0,171500,25700,99000,119000,0
Y1990,Chile,700000,0,183200,37300,97200,140200,0
Y1991,Chile,780000,0,205461,55000,99000,165000,15156
Y1992,Chile,830000,0,215375,85000,105000,180000,15156
Y1993,Chile,840000,0,223287,95000,110000,210000,15156
Y1994,Chile,810000,0,229193,115500,112000,230000,15156
Y1995,Chile,850000,0,236112,115000,108000,280000,15156
Y1996,Chile,950000,0,248012,145000,125000,322000,15156
Y1997,Chile,845000,0,230968,140000,88000,300000,15186
Y1998,Chile,975000,0,233911,146000,96000,275000,15237
Y1999,Chile,1175000,0,215897,105000,88000,265000,15289
Y2000,Chile,805000,0,240831,115500,97000,210000,15340
Y2001,Chile,1135000,0,250828,135000,101000,205000,15392
Y2002,Chile,1150000,0,287750,128000,120000,203000,15444
Y2003,Chile,1250000,0,303096,125000,125000,205000,15719
Y2004,Chile,1300000,0,326067,145000,140000,210000,18837
Y2005,Chile,1300000,0,327800,150000,140000,210000,21400
Y2006,Chile,1350000,0,321000,170000,148000,199000,24000
Y2007,Chile,1400000,0,332350,185000,150000,195000,25200
Y2008,Chile,1504101,0,348100,186731,160000,185000,20200
Y2009,Chile,1330617,0,326300,227000,135000,191000,27800
Y2010,Chile,1624242,0,318983,250654,132620,181387,30000
Y2011,Chile,1588347,0,332634,258287,140205,196743,33000
Y2012,Chile,1622620,0,358079,282162,142831,199247,58000
Y2013,Chile,1729358,0,366374,267462,144453,226189,64000
Y2014,Chile,1751991,0,346450,261260,139052,240399,73094
Y2015,Chile,1736153,0,337517,243121,126321,280870,78030
Y2016,Chile,1759421,0,349804,225797,129453,299432,84290
Y1961,Ecuador,2000,2597000,203299,0,138969,5000,10000
Y1962,Ecuador,1920,2486000,220670,0,136800,5039,11999
Y1963,Ecuador,2120,2473000,206038,0,134781,5535,9515
Y1964,Ecuador,1893,3300000,204248,0,129314,4298,9057
Y1965,Ecuador,1633,3304000,245854,0,167632,3416,10522
Y1966,Ecuador,2796,2522089,258244,0,164657,3511,11324
Y1967,Ecuador,3257,2556828,273753,0,181747,2600,10098
Y1968,Ecuador,3064,2765117,235826,0,143181,2697,13564
Y1969,Ecuador,4546,3031113,221398,0,154866,2934,11058
Y1970,Ecuador,4752,2911342,220257,0,152904,2916,11103
Y1971,Ecuador,5617,2742948,244668,0,172864,2277,9700
Y1972,Ecuador,5571,2581639,215128,0,153060,5407,10001
Y1973,Ecuador,3778,2495927,239803,0,143698,11142,29351
Y1974,Ecuador,19021,2676411,334340,0,237648,11826,19194
Y1975,Ecuador,22860,2544327,370073,0,250000,9906,27638
Y1976,Ecuador,25342,2570925,426855,0,300000,10695,35000
Y1977,Ecuador,27661,2450690,643263,0,519794,4443,27661
Y1978,Ecuador,30521,2152192,612275,0,498311,9085,27592
Y1979,Ecuador,30767,2031559,617962,0,503710,9291,28381
Y1980,Ecuador,30899,2269479,648440,0,533493,8808,30848
Y1981,Ecuador,33944,2009850,647328,0,525236,9351,34933
Y1982,Ecuador,34644,1998749,616657,0,500507,8831,33512
Y1983,Ecuador,35123,1642073,455380,0,355154,7608,29102
Y1984,Ecuador,29437,1677571,368907,0,271961,6985,31078
Y1985,Ecuador,29879,1969559,336634,0,230726,6450,34297
Y1986,Ecuador,30723,2316437,168147,0,69241,6751,21801
Y1987,Ecuador,32718,2386503,180533,0,77620,7026,23500
Y1988,Ecuador,39154,2576096,198943,0,86695,5272,25400
Y1989,Ecuador,31094,2576220,203098,0,71431,6597,29927
Y1990,Ecuador,33224,3054566,185649,0,77071,5404,22090
Y1991,Ecuador,15424,2816137,147802,0,76811,9087,23127
Y1992,Ecuador,23365,3994641,147949,0,76183,15091,20582
Y1993,Ecuador,30791,4422010,167611,0,84321,15374,31916
Y1994,Ecuador,32922,5085915,162036,0,88483,20858,26136
Y1995,Ecuador,20658,5403304,152025,0,86123,10426,25418
Y1996,Ecuador,43433,5422835,174710,0,91349,25899,26093
Y1997,Ecuador,24756,5750261,322313,0,216618,25602,15550
Y1998,Ecuador,25080,5463442,161001,0,121702,13604,7960
Y1999,Ecuador,12201,6392022,173910,0,121702,7697,9985
Y2000,Ecuador,3873,5453220,215325,0,149380,7761,17399
Y2001,Ecuador,12902,6077040,203243,0,152225,11899,17972
Y2002,Ecuador,11177,5611438,187050,0,109609,10176,42366
Y2003,Ecuador,11912,6453806,130780,0,68219,5176,31100
Y2004,Ecuador,7915,6132276,183988,0,124946,9763,29571
Y2005,Ecuador,16741,6118424,141428,0,65897,10899,32149
Y2006,Ecuador,16850,6127060,113555,0,57497,10950,25626
Y2007,Ecuador,17500,6002302,119954,0,56059,11000,28058
Y2008,Ecuador,6687,6701145,109763,0,54916,6810,16542
Y2009,Ecuador,8000,7637324,114265,0,49088,7500,30310
Y2010,Ecuador,8804,7931060,109114,0,47494,8145,27692
Y2011,Ecuador,8943,7427776,96231,0,36607,8474,25814
Y2012,Ecuador,8808,7012245,111163,0,48380,8261,26030
Y2013,Ecuador,8340,5995527,106582,0,42050,8009,26183
Y2014,Ecuador,7901,6756254,180849,0,114196,7756,26336
Y2015,Ecuador,7447,7194431,185846,0,116809,7503,26489
Y2016,Ecuador,7030,6529676,155633,0,75333,7250,26643
Y1961,Paraguay,1000,145000,156810,0,132580,50,7230
Y1962,Paraguay,1000,141000,203407,0,153267,50,24140
Y1963,Paraguay,551,196000,209063,0,157283,50,24780
Y1964,Paraguay,557,195000,214982,0,161552,50,25430
Y1965,Paraguay,720,232000,228633,0,170833,50,26800
Y1966,Paraguay,760,209100,212825,0,153750,55,27600
Y1967,Paraguay,700,215900,217740,0,158310,55,28430
Y1968,Paraguay,600,220000,226455,0,163155,60,29300
Y1969,Paraguay,500,230000,230450,0,168450,70,30000
Y1970,Paraguay,424,241587,244665,0,177000,74,37176
Y1971,Paraguay,428,251821,252662,0,183060,74,38425
Y1972,Paraguay,432,239224,244717,0,177350,75,34583
Y1973,Paraguay,432,261500,264074,0,185967,76,34929
Y1974,Paraguay,444,264180,243241,0,149409,78,38422
Y1975,Paraguay,456,198050,265886,0,165684,80,40343
Y1976,Paraguay,470,227800,310620,0,194473,82,52446
Y1977,Paraguay,456,252043,311544,0,198228,74,49824
Y1978,Paraguay,451,254380,292665,0,181650,73,47333
Y1979,Paraguay,460,215000,288258,0,170000,75,48752
Y1980,Paraguay,470,180000,300326,0,180000,60,43946
Y1981,Paraguay,480,160000,339865,0,168832,43,82991
Y1982,Paraguay,548,150000,334742,0,190000,131,58982
Y1983,Paraguay,563,130000,326083,0,205000,138,48880
Y1984,Paraguay,747,121903,346495,0,201085,197,53394
Y1985,Paraguay,770,127999,370752,0,211140,206,56063
Y1986,Paraguay,793,121598,353256,0,200583,217,53260
Y1987,Paraguay,808,114625,331628,0,190177,222,50269
Y1988,Paraguay,727,75083,282264,0,171160,213,24984
Y1989,Paraguay,721,78236,287266,0,173097,214,24609
Y1990,Paraguay,723,81365,290162,0,174828,216,24854
Y1991,Paraguay,726,84620,286068,0,168156,217,33961
Y1992,Paraguay,729,89260,293037,0,177217,218,25263
Y1993,Paraguay,736,89874,295359,0,178710,221,26187
Y1994,Paraguay,743,75767,282760,0,171483,223,30356
Y1995,Paraguay,678,69770,272427,0,171530,203,26161
Y1996,Paraguay,619,66752,269683,0,172408,186,26191
Y1997,Paraguay,565,68898,284767,0,186289,169,26699
Y1998,Paraguay,500,71454,307479,0,208009,180,26730
Y1999,Paraguay,508,69988,333057,0,230632,200,29859
Y2000,Paraguay,526,56984,282728,0,201802,210,22477
Y2001,Paraguay,535,64265,298341,0,209247,224,23681
Y2002,Paraguay,550,48650,291307,0,207155,218,23029
Y2003,Paraguay,600,62294,387646,0,316903,220,18838
Y2004,Paraguay,550,44031,394593,0,319438,200,19755
Y2005,Paraguay,560,48425,374100,0,301700,201,19400
Y2006,Paraguay,598,45220,367670,0,296375,199,18720
Y2007,Paraguay,650,50000,332900,0,260000,193,19000
Y2008,Paraguay,660,58321,320269,0,224800,193,43583
Y2009,Paraguay,685,58840,321274,0,226089,230,45400
Y2010,Paraguay,684,79856,325171,0,229898,226,44224
Y2011,Paraguay,691,60022,325171,0,229898,229,44224
Y2012,Paraguay,705,60022,338388,0,229898,240,46313
Y2013,Paraguay,693,62400,331480,0,229530,224,48950
Y2014,Paraguay,680,70200,329850,0,231000,212,48750
Y2015,Paraguay,683,70266,331198,0,222725,212,48860
Y2016,Paraguay,683,71870,331494,0,223426,212,48721
Y1961,Peru,71000,0,184900,0,118800,5200,5600
Y1962,Peru,72000,0,192800,0,125400,5400,5900
Y1963,Peru,72000,0,203300,0,133000,5600,6300
Y1964,Peru,80000,0,215750,0,143000,5800,6750
Y1965,Peru,74881,0,225000,0,149000,5800,7000
Y1966,Peru,83100,0,255533,0,172674,5988,8014
Y1967,Peru,84894,0,280510,0,190791,6155,8792
Y1968,Peru,64134,0,307064,0,213168,4026,9360
Y1969,Peru,65776,0,365271,0,243309,4950,13699
Y1970,Peru,77759,0,362239,0,243495,6530,14654
Y1971,Peru,74773,0,336592,0,236942,6708,17615
Y1972,Peru,74487,0,318999,0,213448,6771,17721
Y1973,Peru,74209,0,321116,0,209544,6562,17747
Y1974,Peru,74750,0,329356,0,212855,7039,18450
Y1975,Peru,74920,0,289330,0,178272,7294,18319
Y1976,Peru,74852,0,283702,0,172924,7419,18038
Y1977,Peru,79372,0,287292,0,157896,6937,19210
Y1978,Peru,77596,0,283226,0,152518,7371,19587
Y1979,Peru,77358,0,265517,0,145154,7589,21103
Y1980,Peru,79349,0,239512,0,125576,7204,19198
Y1981,Peru,87266,0,262012,0,139273,7202,21704
Y1982,Peru,93116,0,254767,0,137548,7791,22072
Y1983,Peru,87103,0,221806,0,128006,6870,22435
Y1984,Peru,99791,0,293678,0,156125,7383,23759
Y1985,Peru,98909,0,282569,0,145438,7387,23620
Y1986,Peru,109208,0,323507,0,155762,7836,27174
Y1987,Peru,134559,0,378524,0,184208,7695,32196
Y1988,Peru,134364,0,366938,0,193908,7283,36667
Y1989,Peru,136891,0,462452,0,190745,7838,42129
Y1990,Peru,118416,0,412798,0,162624,6723,41163
Y1991,Peru,108770,0,473160,0,173732,6659,54700
Y1992,Peru,94309,0,397514,0,121317,6346,53632
Y1993,Peru,113010,0,422494,0,151737,6830,55096
Y1994,Peru,104280,0,532307,0,204168,7261,73067
Y1995,Peru,166094,0,597568,0,228280,8234,83020
Y1996,Peru,172896,0,636718,0,223460,8852,113450
Y1997,Peru,163445,0,680211,0,220874,8886,98643
Y1998,Peru,126052,0,568890,0,229213,2974,89756
Y1999,Peru,149822,0,641389,0,257018,5775,116771
Y2000,Peru,157493,0,655031,0,255747,7449,128609
Y2001,Peru,138338,0,655043,0,278219,7670,129488
Y2002,Peru,123266,0,727157,0,292361,7384,133198
Y2003,Peru,134357,0,766204,0,305757,7587,161209
Y2004,Peru,146893,0,767399,0,330352,7479,175435
Y2005,Peru,139332,14000,784212,0,334495,7590,171319
Y2006,Peru,136399,19800,823421,0,353839,7366,187299
Y2007,Peru,136744,29300,869499,0,344267,7072,190410
Y2008,Peru,135209,43920,856554,0,379977,5745,187165
Y2009,Peru,137208,60000,809148,0,377598,5431,166072
Y2010,Peru,143861,78000,907899,0,394573,4821,221324
Y2011,Peru,149561,100000,943395,0,418631,4347,236282
Y2012,Peru,146774,200000,1007874,0,428753,4490,281061
Y2013,Peru,156350,239257,1055676,0,436388,4343,313719
Y2014,Peru,159879,240000,1134833,0,450423,4674,339604
Y2015,Peru,159550,246676,1167494,0,456154,4391,357912
Y2016,Peru,158098,343203,1250665,0,490869,3929,403857
Y1961,Uruguay,23000,0,64512,0,35377,4000,22135
Y1962,Uruguay,23000,0,65300,0,36000,4500,22000
Y1963,Uruguay,23000,0,66400,0,37000,5000,22000
Y1964,Uruguay,23000,0,69700,0,39000,5500,23000
Y1965,Uruguay,23000,0,65000,0,38000,6000,19000
Y1966,Uruguay,24473,0,75251,0,40654,6463,23091
Y1967,Uruguay,26000,0,79660,0,41500,6600,28000
Y1968,Uruguay,28000,0,82260,0,42000,6800,30000
Y1969,Uruguay,30000,0,83600,0,42000,7000,33000
Y1970,Uruguay,31932,0,86297,0,42142,7178,35878
Y1971,Uruguay,28000,0,86300,0,42500,7200,35000
Y1972,Uruguay,25000,0,85900,0,43000,7300,34000
Y1973,Uruguay,25000,0,86000,0,44000,7400,33000
Y1974,Uruguay,27000,0,81800,0,40000,7500,32000
Y1975,Uruguay,23000,0,82400,0,41000,7600,31000
Y1976,Uruguay,24000,0,83000,0,42000,7700,30000
Y1977,Uruguay,25000,0,88500,0,47300,7000,29000
Y1978,Uruguay,28000,0,77000,0,34800,8000,27000
Y1979,Uruguay,30831,0,93000,0,44000,9622,28000
Y1980,Uruguay,28050,0,117065,0,61618,8408,26643
Y1981,Uruguay,25000,0,115182,0,58000,12000,31098
Y1982,Uruguay,38160,0,134100,0,68500,10440,35700
Y1983,Uruguay,40740,0,124000,0,65000,10070,30000
Y1984,Uruguay,42760,0,150600,0,67000,12080,34500
Y1985,Uruguay,37000,0,157701,0,75000,5000,35201
Y1986,Uruguay,39000,0,179800,0,85000,10500,40000
Y1987,Uruguay,33000,0,183875,0,78829,16500,45153
Y1988,Uruguay,27300,0,184447,0,93200,14200,36928
Y1989,Uruguay,37600,0,154000,0,85000,20500,26500
Y1990,Uruguay,27696,0,206381,0,117325,13717,39295
Y1991,Uruguay,34600,0,226586,0,121414,12000,52541
Y1992,Uruguay,28792,0,260200,0,149100,12604,53400
Y1993,Uruguay,29104,0,246000,0,135000,14256,58000
Y1994,Uruguay,47806,0,249917,0,141650,12839,56166
Y1995,Uruguay,37000,0,230618,0,126640,15400,50012
Y1996,Uruguay,64607,0,271331,0,141220,19600,82058
Y1997,Uruguay,66281,0,317353,0,166093,19825,88601
Y1998,Uruguay,57570,0,358998,0,185209,19922,108000
Y1999,Uruguay,73710,0,299111,0,149687,12781,94530
Y2000,Uruguay,62526,0,216836,0,109156,19135,65185
Y2001,Uruguay,53809,0,342517,0,189007,17682,97000
Y2002,Uruguay,45794,0,235516,0,115769,14186,74503
Y2003,Uruguay,73837,0,248979,0,131578,19164,75000
Y2004,Uruguay,66744,0,242177,0,124091,17616,77303
Y2005,Uruguay,77342,0,326000,0,176500,18449,94400
Y2006,Uruguay,61285,0,277533,0,138279,17711,88246
Y2007,Uruguay,66874,0,346239,0,186272,18697,117673
Y2008,Uruguay,51266,0,253460,0,128930,15755,88450
Y2009,Uruguay,58775,0,268621,0,130100,13272,92777
Y2010,Uruguay,52226,0,315209,0,154211,18702,121445
Y2011,Uruguay,73368,0,270372,0,135180,14796,93407
Y2012,Uruguay,50270,0,329623,0,156700,18260,123700
Y2013,Uruguay,45626,0,234673,0,117535,8749,83308
Y2014,Uruguay,52762,0,287341,0,150617,11942,104846
Y2015,Uruguay,55454,0,252037,0,112042,12593,102282
Y2016,Uruguay,37675,0,271114,0,139100,4986,95095
Y1961,Venezuela,0,753015,112448,0,112448,0,0
Y1962,Venezuela,0,655440,118254,0,118254,0,0
Y1963,Venezuela,0,771420,124416,0,124416,0,0
Y1964,Venezuela,0,742035,130958,0,130958,0,0
Y1965,Venezuela,0,825255,137908,0,137908,0,0
Y1966,Venezuela,0,840060,156979,0,156979,0,0
Y1967,Venezuela,0,859350,167810,0,167810,0,0
Y1968,Venezuela,0,948690,179389,0,179389,0,0
Y1969,Venezuela,0,948420,191767,0,191767,0,0
Y1970,Venezuela,0,968490,205000,0,205000,0,0
Y1971,Venezuela,0,988875,219428,0,219428,0,0
Y1972,Venezuela,0,996975,233100,0,233100,0,0
Y1973,Venezuela,0,902205,243439,0,243439,0,0
Y1974,Venezuela,0,937185,251214,0,251214,0,0
Y1975,Venezuela,0,859935,265684,0,265684,0,0
Y1976,Venezuela,0,859005,250314,0,250314,0,0
Y1977,Venezuela,0,874589,333469,0,319969,0,0
Y1978,Venezuela,0,900119,327426,0,313626,0,0
Y1979,Venezuela,0,872850,345787,0,329787,0,0
Y1980,Venezuela,0,889620,347311,0,331111,0,0
Y1981,Venezuela,0,914970,386628,0,368128,0,0
Y1982,Venezuela,0,917160,416125,0,372325,0,25000
Y1983,Venezuela,0,933690,428739,0,384239,0,25000
Y1984,Venezuela,0,964875,410453,0,362453,0,28000
Y1985,Venezuela,0,988996,421327,0,370173,0,30386
Y1986,Venezuela,0,1007302,436957,0,384217,0,31420
Y1987,Venezuela,0,1038427,442172,0,388454,0,32009
Y1988,Venezuela,0,1099694,478378,0,423803,0,32484
Y1989,Venezuela,0,1133784,483099,0,425817,0,34097
Y1990,Venezuela,0,1166663,505356,0,433056,0,49000
Y1991,Venezuela,0,1214847,517994,0,438169,0,53000
Y1992,Venezuela,0,1239480,539911,0,444580,0,66000
Y1993,Venezuela,0,1116143,507078,0,410718,0,66000
Y1994,Venezuela,0,1193160,608566,0,499804,0,78000
Y1995,Venezuela,0,944773,722215,0,593497,0,90000
Y1996,Venezuela,0,1026134,691516,0,542936,0,102000
Y1997,Venezuela,0,1122693,744109,0,513709,0,175800
Y1998,Venezuela,0,812921,761843,0,475023,0,215170
Y1999,Venezuela,0,788332,782634,0,462579,0,213033
Y2000,Venezuela,0,763635,726678,0,496768,0,150372
Y2001,Venezuela,0,735079,718392,0,456495,0,176561
Y2002,Venezuela,0,590847,630883,0,341645,0,194986
Y2003,Venezuela,0,559760,539195,0,333272,0,139127
Y2004,Venezuela,0,463047,529242,0,374419,0,91499
Y2005,Venezuela,0,529714,544169,0,374417,0,95655
Y2006,Venezuela,0,508982,529013,0,377881,0,93018
Y2007,Venezuela,0,512187,523260,0,389842,0,67213
Y2008,Venezuela,0,383836,515703,0,382561,0,70097
Y2009,Venezuela,0,403382,517754,0,384445,0,70000
Y2010,Venezuela,0,375118,539983,0,399748,0,76671
Y2011,Venezuela,0,421136,622064,0,475236,0,79889
Y2012,Venezuela,0,424558,542050,0,377323,0,89356
Y2013,Venezuela,0,428438,585991,0,378421,0,130265
Y2014,Venezuela,0,486737,672407,0,433092,0,158578
Y2015,Venezuela,0,539097,627114,0,407617,0,138314
Y2016,Venezuela,0,470594,548394,0,309929,0,158498
